Date,Symbol,Company Name,Split Ratio
07/12/2024,IMCC,IM Cannabis,1:6
07/12/2024,NYCB,"New York Community Bancorp, Inc",1:3
07/11/2024,BURU,"NUBURU, Inc",1:40
07/11/2024,CLNN,Clene Inc,1:20
07/11/2024,AMWL,Amwell,1:20
07/10/2024,MITSY,"Mitsui & Co., Ltd.",1:2
07/10/2024,FRES,Fresh2 Group Ltd,1:10
07/10/2024,HTHIY,"Hitachi, Ltd.",1:5
07/10/2024,TSRMF,Treasury Metals Inc,1:4
07/10/2024,HOOK,HOOKIPA Pharma Inc,1:10
